epoch,train_loss,validation_loss,epoch_minutes
1,5.764446855201656,5.6628007888793945,3.282370658715566
2,4.839187373683721,5.190280723571777,3.369979687531789
3,4.463276122413805,4.981550025939941,3.3688465634981792
4,4.23522899500746,4.817471599578857,3.357190243403117
5,4.077568961491764,4.742508316040039,3.358057435353597
6,3.96004766022386,4.712273406982422,3.3573862512906394
7,3.8694845357649155,4.6277868270874025,3.3727349996566773
8,3.795907109263814,4.559460830688477,3.370182224114736
9,3.7348951062651623,4.5356653213500975,3.3712327043215433
10,3.684012213868086,4.517586517333984,3.3581154068311054
