epoch,train_loss,validation_loss,learning_rate,epoch_minutes
1,5.576132067031014,5.459771823883057,0.0005,3.73875371615092
2,4.663114050142594,5.071001148223877,0.0005,3.850470503171285
3,4.320057243922465,4.871988201141358,0.0005,3.884768370787303
4,4.114964496458756,4.759234809875489,0.0005,3.8846455375353495
5,3.9741795168801786,4.691763114929199,0.0005,3.880648414293925
6,3.87050916025663,4.614216899871826,0.0005,4.172731598218282
7,3.7905638318623294,4.563357353210449,0.0005,4.239332544803619
8,3.7261936303495142,4.500601005554199,0.0005,4.256142930189768
9,3.672778235157195,4.48963041305542,0.0005,4.277813374996185
10,3.6263775628174533,4.45933837890625,0.0005,4.26743514140447
11,3.5869881742643415,4.420853328704834,0.0005,4.248174246152242
12,3.5524606395500107,4.426666259765625,0.0005,4.254885844389597
13,3.5230525618120265,4.37749752998352,0.0005,4.255705479780833
14,3.494924140057873,4.392480087280274,0.0005,4.241876848538717
15,3.4701907369260496,4.394253396987915,0.0005,4.228763488928477
16,3.4473583037129036,4.362341022491455,0.0005,4.225608106454214
17,3.4261152486955755,4.329103899002075,0.0005,4.260570462544759
18,3.406756916042074,4.32024073600769,0.0005,4.246153672536214
19,3.3887681056818457,4.30269684791565,0.0005,4.261645809809367
20,3.3709335767571837,4.3022888660430905,0.0005,4.2458627104759215
